tick,lane,energy,coherence,fitness,best_fitness,delta,coupling,blend,decay,soliton_nd,mutations,improvements,stagnation,pressure_us
0,0,131072,65535,0,0,17,64,192,0,129,0,0,0,4
0,1,131072,65535,0,0,17,64,192,0,130,0,0,0,4
0,2,131072,65535,0,0,17,64,192,0,139,0,0,0,4
0,3,131072,65535,0,0,17,64,192,0,148,0,0,0,5
0,4,131072,65535,0,0,17,64,192,0,124,0,0,0,5
0,5,131072,65535,0,0,17,64,192,0,126,0,0,0,5
0,6,131072,65535,0,0,17,64,192,0,144,0,0,0,4
0,7,131072,65535,0,0,17,64,192,0,127,0,0,0,4
5000,0,116736,65535,387,387,19,59,177,2,129,26,1,9,7
5000,1,116736,65535,386,387,9,54,224,5,130,28,1,1,4
5000,2,133120,65535,387,387,3,70,184,2,139,30,1,16,6
5000,3,108544,65535,387,387,5,62,197,2,148,34,1,2,5
5000,4,139264,65535,386,387,34,54,171,5,124,22,1,6,6
5000,5,204800,65535,386,387,6,84,164,0,126,24,1,4,5
5000,6,131072,65535,387,387,1,48,166,0,144,36,1,37,5
5000,7,43008,65535,387,387,13,22,154,4,127,32,1,0,5
10000,0,116736,65535,386,387,11,53,202,6,129,63,1,1,5
10000,1,108544,65535,387,387,15,37,224,8,130,53,1,15,5
10000,2,163840,65535,387,387,1,75,195,3,139,63,1,22,5
10000,3,126976,65535,387,387,5,58,197,6,148,49,1,1,5
10000,4,83968,65535,387,387,63,25,159,7,124,49,1,22,5
10000,5,188416,65535,387,387,1,92,162,0,126,38,1,0,5
10000,6,153600,65535,386,387,14,59,159,7,144,65,1,4,5
10000,7,79872,65535,386,387,11,28,161,5,127,58,1,3,5
15000,0,116736,65535,387,387,5,41,216,6,129,88,1,8,4
15000,1,75776,65535,387,387,41,21,168,8,130,92,1,54,5
15000,2,155648,65535,387,387,9,61,185,6,139,102,1,61,5
15000,3,129024,65535,387,387,4,51,154,8,148,80,1,3,4
15000,4,63488,65535,387,387,70,15,112,8,124,86,1,11,4
15000,5,200704,65535,386,387,1,94,190,0,126,53,1,1,5
15000,6,120832,65535,387,387,19,59,129,6,144,77,1,0,5
15000,7,116736,65535,387,387,14,49,149,7,127,83,1,2,5
20000,0,104448,65535,387,387,25,35,224,6,129,128,1,48,4
20000,1,61440,65535,387,387,49,14,143,6,130,130,1,31,4
20000,2,188416,65535,386,387,35,77,224,6,139,138,1,5,4
20000,3,100352,65535,387,387,2,49,198,8,148,101,1,0,4
20000,4,67584,65535,386,387,94,25,167,6,124,108,1,2,4
20000,5,178176,65535,387,387,1,112,173,2,126,81,1,1,4
20000,6,120832,65535,387,387,19,60,129,5,144,92,1,0,4
20000,7,133120,65535,387,387,12,49,140,7,127,107,1,8,4
25000,0,32768,65535,387,387,11,0,147,8,129,166,1,24,4
25000,1,43008,65535,387,387,11,17,159,8,130,149,1,1,4
25000,2,98304,65535,386,387,11,32,197,8,139,175,1,37,4
25000,3,110592,65535,387,387,1,38,213,6,148,137,1,32,4
25000,4,45056,65535,387,387,98,18,169,6,124,123,1,1,4
25000,5,116736,65535,387,387,8,97,181,1,126,102,1,6,4
25000,6,114688,65535,387,387,18,57,113,5,144,105,1,0,4
25000,7,141312,65535,386,387,12,57,132,7,127,126,1,3,4
30000,0,69632,65535,387,387,15,26,71,8,129,201,1,2,4
30000,1,32768,65535,387,387,13,0,220,6,130,186,1,33,5
30000,2,126976,65535,387,387,17,46,224,8,139,212,1,38,5
30000,3,69632,65535,386,387,1,30,162,8,148,158,1,1,5
30000,4,32768,65535,387,387,5,16,158,6,124,143,1,0,5
30000,5,200704,65535,386,387,16,95,139,6,126,127,1,1,5
30000,6,100352,65535,387,387,11,49,63,8,144,128,1,0,5
30000,7,120832,65535,387,387,31,43,143,8,127,149,1,4,5
35000,0,43008,65535,387,387,1,5,123,8,129,234,1,28,5
35000,1,24576,65535,387,387,1,0,210,2,130,225,1,72,5
35000,2,110592,65535,387,387,1,50,212,8,139,247,1,1,5
35000,3,61440,65535,387,387,7,26,160,8,148,171,1,1,5
35000,4,38912,65535,387,387,20,19,138,8,124,167,1,0,5
35000,5,198656,65535,387,387,16,92,123,5,126,141,1,2,5
35000,6,129024,65535,387,387,18,47,81,7,144,156,1,16,5
35000,7,124928,65535,387,387,37,57,143,6,127,165,1,1,5
40000,0,38912,65535,387,387,1,3,167,6,129,273,1,67,4
40000,1,32768,65535,387,387,23,0,214,6,130,264,1,111,4
40000,2,124928,65535,387,387,3,45,221,8,139,270,1,9,4
40000,3,53248,65535,387,387,6,26,147,8,148,185,1,0,4
40000,4,40960,65535,387,387,8,20,121,7,124,184,1,0,4
40000,5,196608,65535,387,387,10,84,140,8,126,158,1,3,4
40000,6,75776,65535,387,387,22,21,63,8,144,195,1,55,4
40000,7,116736,65535,387,387,29,41,152,8,127,186,1,7,4
45000,0,65536,65535,387,387,39,24,185,8,129,304,1,2,4
45000,1,114688,65535,387,387,7,40,224,6,130,297,1,14,4
45000,2,100352,65535,387,387,9,33,113,6,139,309,1,48,4
45000,3,59392,65535,387,387,3,29,147,8,148,198,1,0,4
45000,4,49152,65535,387,387,1,24,100,8,124,201,1,0,4
45000,5,241664,65535,387,387,23,102,164,8,126,181,1,15,4
45000,6,61440,65535,387,387,19,14,32,8,144,230,1,25,4
45000,7,51200,65535,387,387,43,9,207,7,127,223,1,5,4
50000,0,102400,65535,387,387,42,34,195,6,129,321,1,7,4
50000,1,124928,65535,387,387,13,45,203,8,130,318,1,4,4
50000,2,67584,65535,387,387,1,19,99,4,139,348,1,87,4
50000,3,49152,65535,387,387,7,8,167,8,148,234,1,35,4
50000,4,55296,65535,386,387,8,23,85,7,124,216,1,1,4
50000,5,262144,65535,387,387,22,120,180,8,126,204,1,2,4
50000,6,32768,65535,387,387,9,0,56,8,144,269,1,64,4
50000,7,32768,65535,387,387,11,0,193,8,127,262,1,44,4
55000,0,110592,65535,387,387,15,39,143,5,129,358,1,13,4
55000,1,83968,65535,387,387,7,27,212,4,130,357,1,43,4
55000,2,63488,65535,386,387,15,27,73,8,139,383,1,1,4
55000,3,77824,65535,386,387,11,22,177,0,148,273,1,74,4
55000,4,79872,65535,386,387,3,27,120,8,124,233,1,3,4
55000,5,249856,65535,387,387,15,110,180,7,126,219,1,3,4
55000,6,30720,65535,387,387,1,0,32,4,144,308,1,103,4
55000,7,47104,65535,387,387,1,23,194,8,127,286,1,0,4
60000,0,75776,65535,387,387,22,33,171,2,129,393,1,11,5
60000,1,59392,65535,386,387,11,26,185,4,130,380,1,1,5
60000,2,71680,65535,387,387,10,27,56,7,139,396,1,2,4
60000,3,61440,65535,386,387,15,36,184,2,148,290,1,1,4
60000,4,110592,65535,387,387,14,38,142,8,124,258,1,20,5
60000,5,221184,65535,386,387,22,93,166,6,126,244,1,6,4
60000,6,32768,65535,387,387,1,0,128,8,144,347,1,142,5
60000,7,32768,65535,387,387,21,0,186,8,127,324,1,39,4
65000,0,61440,65535,387,387,1,14,138,8,129,430,1,30,4
65000,1,71680,65535,386,387,12,32,172,5,130,393,1,1,4
65000,2,65536,65535,387,387,6,24,50,8,139,409,1,2,4
65000,3,67584,65535,387,387,21,35,184,2,148,303,1,2,4
65000,4,90112,65535,387,387,1,28,114,8,124,297,1,59,4
65000,5,143360,65535,387,387,32,56,170,5,126,269,1,19,4
65000,6,36864,65535,387,387,23,18,212,8,144,383,1,0,4
65000,7,61440,65535,387,387,63,14,154,6,127,363,1,78,4
70000,0,57344,65535,387,387,18,20,104,7,129,449,1,2,4
70000,1,61440,65535,387,387,1,16,179,4,130,410,1,6,4
70000,2,40960,65535,387,387,16,4,70,7,139,436,1,19,4
70000,3,124928,65535,387,387,22,53,200,8,148,328,1,2,4
70000,4,0,65535,387,387,15,0,150,8,124,329,1,0,4
70000,5,67584,65535,387,387,56,17,224,8,126,306,1,25,4
70000,6,73728,65535,386,387,9,28,224,8,144,401,1,2,4
70000,7,59392,65535,387,387,62,29,170,8,127,391,1,0,4
75000,0,32768,65535,387,387,39,0,110,6,129,488,1,41,4
75000,1,36864,65535,387,387,26,2,143,5,130,443,1,12,4
75000,2,32768,65535,387,387,1,0,32,8,139,475,1,58,4
75000,3,51200,65535,387,387,23,9,224,5,148,363,1,34,4
75000,4,8192,65535,383,387,15,0,150,8,124,329,1,1,4
75000,5,43008,65535,387,387,54,21,224,8,126,324,1,0,4
75000,6,94208,65535,387,387,8,30,198,7,144,420,1,11,4
75000,7,129024,65535,387,387,64,47,169,8,127,416,1,18,4
80000,0,24576,65535,387,387,15,0,152,2,129,527,1,80,4
80000,1,32768,65535,387,387,38,0,111,6,130,482,1,51,4
80000,2,32768,65535,387,387,1,0,32,8,139,512,1,20,4
80000,3,59392,65535,387,387,23,17,220,3,148,400,1,37,4
80000,4,0,65535,387,387,15,0,150,8,124,329,1,0,4
80000,5,47104,65535,387,387,54,23,224,7,126,341,1,0,4
80000,6,32768,65535,387,387,63,0,224,8,144,457,1,20,4
80000,7,108544,65535,387,387,100,37,157,8,127,455,1,57,4
85000,0,32768,65535,387,387,17,16,102,0,129,565,1,0,4
85000,1,40960,65535,387,387,34,4,45,8,130,521,1,90,4
85000,2,36864,65535,387,387,5,2,32,8,139,551,1,59,4
85000,3,47104,65535,387,387,36,23,209,8,148,424,1,0,4
85000,4,8192,65535,383,387,15,0,150,8,124,329,1,1,4
85000,5,32768,65535,387,387,59,16,216,6,126,360,1,0,4
85000,6,32768,65535,387,387,21,0,224,8,144,496,1,59,4
85000,7,120832,65535,387,387,78,43,75,8,127,494,1,96,4
90000,0,61440,65535,387,387,8,18,129,3,129,595,1,9,5
90000,1,53248,65535,387,387,70,10,37,8,130,560,1,129,5
90000,2,57344,65535,387,387,7,12,56,6,139,590,1,98,5
90000,3,49152,65535,386,387,31,20,220,6,148,444,1,1,5
90000,4,0,65535,387,387,15,0,150,8,124,329,1,0,5
90000,5,61440,65535,387,387,38,16,209,4,126,382,1,8,5
90000,6,40960,65535,387,387,17,20,188,8,144,530,1,0,5
90000,7,116736,65535,387,387,77,53,65,8,127,513,1,1,5
95000,0,51200,65535,387,387,4,10,89,4,129,630,1,29,4
95000,1,55296,65535,386,387,75,23,41,6,130,585,1,1,4
95000,2,90112,65535,386,387,1,36,33,6,139,609,1,2,4
95000,3,61440,65535,387,387,18,22,205,5,148,457,1,2,4
95000,4,8192,65535,383,387,15,0,150,8,124,329,1,1,4
95000,5,32768,65535,387,387,30,16,203,8,126,402,1,0,4
95000,6,38912,65535,387,387,14,19,210,8,144,549,1,0,4
95000,7,131072,65535,386,387,83,48,101,8,127,536,1,12,4
100000,0,28672,65535,387,387,5,18,100,2,129,653,1,0,5
100000,1,40960,65535,387,387,81,20,55,8,130,602,1,0,5
100000,2,90112,65535,386,387,1,33,46,5,139,643,1,3,5
100000,3,45056,65535,387,387,1,22,203,5,148,475,1,0,5
100000,4,8192,65535,383,387,15,0,150,8,124,329,1,1,5
100000,5,45056,65535,386,387,44,18,174,6,126,431,1,1,5
100000,6,32768,65535,387,387,13,0,224,8,144,578,1,22,5
100000,7,126976,65535,387,387,76,62,88,8,127,551,1,0,5
105000,0,59392,65535,387,387,35,18,128,4,129,683,1,3,5
105000,1,53248,65535,387,387,77,26,32,8,130,615,1,0,11
105000,2,120832,65535,387,387,41,55,48,8,139,668,1,1,12
105000,3,55296,65535,387,387,1,15,208,8,148,495,1,3,24
105000,4,0,65535,387,387,15,0,150,8,124,329,1,0,11
105000,5,47104,65535,387,387,51,23,179,8,126,451,1,0,42
105000,6,49152,65535,387,387,19,8,216,8,144,617,1,61,10
105000,7,112640,65535,386,387,74,51,54,8,127,565,1,1,13
110000,0,32768,65535,387,387,53,0,164,8,129,720,1,35,4
110000,1,63488,65535,386,387,75,19,32,8,130,629,1,3,5
110000,2,129024,65535,386,387,38,59,51,8,139,683,1,1,5
110000,3,63488,65535,387,387,7,27,196,8,148,512,1,1,5
110000,4,8192,65535,383,387,15,0,150,8,124,329,1,1,5
110000,5,67584,65535,386,387,43,17,179,7,126,471,1,5,5
110000,6,40960,65535,387,387,24,20,224,8,144,635,1,0,5
110000,7,137216,65535,386,387,75,63,59,8,127,580,1,1,5
115000,0,43008,65535,387,387,46,5,144,5,129,752,1,16,5
115000,1,77824,65535,386,387,81,26,32,7,130,650,1,3,5
115000,2,165888,65535,387,387,28,66,72,6,139,714,1,28,5
115000,3,57344,65535,387,387,9,28,193,8,148,526,1,0,5
115000,4,0,65535,387,387,15,0,150,8,124,329,1,0,5
115000,5,53248,65535,387,387,35,26,190,8,126,490,1,0,5
115000,6,24576,65535,387,387,38,0,196,2,144,665,1,25,5
115000,7,131072,65535,387,387,62,56,63,8,127,594,1,2,5
120000,0,32768,65535,387,387,38,0,169,8,129,789,1,17,4
120000,1,53248,65535,387,387,80,26,32,8,130,662,1,0,4
120000,2,124928,65535,387,387,36,45,76,7,139,747,1,6,4
120000,3,75776,65535,386,387,8,25,201,8,148,548,1,3,4
120000,4,8192,65535,383,387,15,0,150,8,124,329,1,1,4
120000,5,51200,65535,387,387,28,25,185,7,126,504,1,0,4
120000,6,53248,65535,387,387,42,10,224,6,144,704,1,64,4
120000,7,167936,65535,387,387,50,71,33,4,127,616,1,13,4
125000,0,30720,65535,387,387,26,0,203,4,129,828,1,56,4
125000,1,69632,65535,386,387,72,18,41,8,130,686,1,4,4
125000,2,135168,65535,386,387,26,63,55,6,139,763,1,1,4
125000,3,38912,65535,386,387,1,3,190,6,148,579,1,29,4
125000,4,0,65535,387,387,15,0,150,8,124,329,1,0,4
125000,5,51200,65535,386,387,28,21,206,8,126,520,1,1,4
125000,6,65536,65535,386,387,1,16,218,0,144,739,1,5,4
125000,7,174080,65535,386,387,38,81,43,8,127,637,1,1,4
130000,0,49152,65535,387,387,17,8,216,6,129,867,1,95,4
130000,1,40960,65535,387,387,66,4,32,8,130,717,1,27,4
130000,2,131072,65535,387,387,21,56,41,7,139,776,1,2,4
130000,3,55296,65535,387,387,9,27,206,5,148,601,1,0,4
130000,4,8192,65535,383,387,15,0,150,8,124,329,1,1,4
130000,5,110592,65535,387,387,28,38,134,6,126,551,1,27,4
130000,6,118784,65535,387,387,3,61,222,2,144,772,1,24,4
130000,7,141312,65535,387,387,27,53,37,8,127,668,1,23,4
135000,0,69632,65535,387,387,10,22,189,6,129,898,1,3,5
135000,1,40960,65535,387,387,68,20,84,8,130,748,1,0,5
135000,2,151552,65535,387,387,13,58,32,7,139,799,1,16,5
135000,3,98304,65535,387,387,7,32,203,7,148,618,1,5,5
135000,4,0,65535,387,387,15,0,150,8,124,329,1,0,5
135000,5,32768,65535,387,387,31,0,118,8,126,588,1,28,5
135000,6,141312,65535,386,387,20,61,183,8,144,803,1,2,5
135000,7,75776,65535,387,387,1,21,84,7,127,705,1,24,5
140000,0,61440,65535,387,387,14,14,203,8,129,917,1,4,4
140000,1,34816,65535,387,387,63,17,95,8,130,765,1,0,4
140000,2,63488,65535,386,387,1,15,32,8,139,836,1,17,4
140000,3,49152,65535,387,387,24,8,189,5,148,655,1,28,4
140000,4,8192,65535,383,387,15,0,150,8,124,329,1,1,4
140000,5,47104,65535,387,387,14,7,44,8,126,619,1,8,4
140000,6,167936,65535,387,387,6,66,189,8,144,824,1,14,4
140000,7,51200,65535,387,387,3,17,60,7,127,728,1,2,4
145000,0,8192,65535,383,387,3,0,183,6,129,946,1,1,5
145000,1,43008,65535,387,387,37,21,84,8,130,780,1,0,4
145000,2,51200,65535,386,387,1,21,62,8,139,855,1,1,4
145000,3,83968,65535,386,387,3,34,195,5,148,686,1,2,5
145000,4,0,65535,387,387,15,0,150,8,124,329,1,0,5
145000,5,55296,65535,386,387,54,23,62,8,126,652,1,1,4
145000,6,151552,65535,387,387,14,75,211,6,144,850,1,0,5
145000,7,69632,65535,387,387,1,18,87,7,127,747,1,4,4
150000,0,0,65535,387,387,3,0,183,6,129,946,1,0,4
150000,1,38912,65535,387,387,29,19,71,8,130,799,1,0,4
150000,2,77824,65535,386,387,1,22,81,8,139,872,1,4,4
150000,3,147456,65535,386,387,1,60,158,8,148,719,1,3,4
150000,4,8192,65535,383,387,15,0,150,8,124,329,1,1,4
150000,5,77824,65535,386,387,61,22,56,8,126,669,1,4,4
150000,6,239616,65535,387,387,1,101,224,8,144,882,1,15,4
150000,7,47104,65535,387,387,11,7,110,8,127,774,1,20,4
155000,0,8192,65535,383,387,3,0,183,6,129,946,1,1,5
155000,1,100352,65535,387,387,26,37,83,8,130,825,1,3,5
155000,2,51200,65535,387,387,1,21,90,8,139,887,1,1,5
155000,3,126976,65535,386,387,1,66,108,2,148,748,1,26,5
155000,4,0,65535,387,387,15,0,150,8,124,329,1,0,5
155000,5,92160,65535,386,387,64,33,65,6,126,684,1,3,5
155000,6,210944,65535,387,387,15,87,190,8,144,921,1,54,5
155000,7,32768,65535,387,387,13,0,32,8,127,813,1,59,5
160000,0,0,65535,387,387,3,0,183,6,129,946,1,0,4
160000,1,108544,65535,386,387,26,49,79,8,130,862,1,1,4
160000,2,40960,65535,387,387,9,4,94,8,139,911,1,5,4
160000,3,157696,65535,387,387,14,61,86,0,148,772,1,7,4
160000,4,8192,65535,383,387,15,0,150,8,124,329,1,1,4
160000,5,108544,65535,387,387,66,37,32,8,126,719,1,13,4
160000,6,186368,65535,387,387,1,77,129,5,144,958,1,10,4
160000,7,45056,65535,387,387,21,6,64,8,127,852,1,98,4
165000,0,8192,65535,383,387,3,0,183,6,129,946,1,1,4
165000,1,118784,65535,387,387,32,54,92,8,130,879,1,1,4
165000,2,63488,65535,387,387,7,23,76,6,139,934,1,2,4
165000,3,145408,65535,386,387,9,55,86,8,148,805,1,15,4
165000,4,0,65535,387,387,15,0,150,8,124,329,1,0,4
165000,5,43008,65535,387,387,24,5,54,8,126,756,1,19,4
165000,6,169984,65535,387,387,22,75,148,8,144,991,1,2,4
165000,7,65536,65535,387,387,21,18,46,4,127,891,1,137,4
170000,0,0,65535,387,387,3,0,183,6,129,946,1,0,4
170000,1,139264,65535,387,387,21,56,86,8,130,896,1,3,4
170000,2,77824,65535,387,387,1,22,77,8,139,961,1,20,4
170000,3,124928,65535,387,387,7,57,83,8,148,820,1,1,4
170000,4,8192,65535,383,387,15,0,150,8,124,329,1,1,4
170000,5,30720,65535,387,387,13,4,52,2,126,795,1,58,4
170000,6,108544,65535,387,387,16,45,224,8,144,1028,1,2,4
170000,7,75776,65535,387,387,26,25,65,6,127,918,1,3,4
175000,0,8192,65535,383,387,3,0,183,6,129,946,1,1,5
175000,1,169984,65535,387,387,1,68,116,6,130,935,1,42,5
175000,2,0,65535,387,387,1,0,77,8,139,963,1,0,5
175000,3,118784,65535,387,387,9,58,77,8,148,834,1,0,5
175000,4,0,65535,387,387,15,0,150,8,124,329,1,0,5
175000,5,55296,65535,386,387,13,28,74,2,126,822,1,2,5
175000,6,100352,65535,387,387,5,33,192,8,144,1067,1,41,5
175000,7,65536,65535,386,387,34,28,42,8,127,931,1,1,5
180000,0,8192,65535,383,387,3,0,183,6,129,946,1,1,5
180000,1,126976,65535,387,387,3,46,154,8,130,973,1,21,5
180000,2,0,65535,387,387,1,0,77,8,139,963,1,0,5
180000,3,126976,65535,387,387,20,62,67,7,148,848,1,0,5
180000,4,0,65535,387,387,15,0,150,8,124,329,1,0,5
180000,5,51200,65535,387,387,13,26,74,4,126,837,1,0,5
180000,6,129024,65535,387,387,23,47,202,8,144,1107,1,81,5
180000,7,79872,65535,386,387,40,31,40,8,127,945,1,2,5
185000,0,0,65535,387,387,3,0,183,6,129,946,1,0,5
185000,1,106496,65535,387,387,1,52,178,8,130,991,1,0,5
185000,2,8192,65535,383,387,1,0,77,8,139,963,1,1,5
185000,3,116736,65535,387,387,37,41,32,7,148,880,1,10,5
185000,4,8192,65535,383,387,15,0,150,8,124,329,1,1,5
185000,5,98304,65535,387,387,16,33,60,5,126,853,1,5,5
185000,6,126976,65535,387,387,29,58,224,7,144,1128,1,1,5
185000,7,122880,65535,387,387,46,44,44,8,127,965,1,11,5
190000,0,8192,65535,383,387,3,0,183,6,129,946,1,1,4
190000,1,137216,65535,387,387,2,55,188,7,130,1007,1,3,4
190000,2,0,65535,387,387,1,0,77,8,139,963,1,0,4
190000,3,120832,65535,387,387,46,46,38,4,148,915,1,32,5
190000,4,0,65535,387,387,15,0,150,8,124,329,1,0,5
190000,5,122880,65535,387,387,13,56,58,6,126,876,1,1,5
190000,6,108544,65535,387,387,26,53,196,6,144,1146,1,0,4
190000,7,124928,65535,387,387,48,61,58,6,127,979,1,0,4
195000,0,0,65535,387,387,3,0,183,6,129,946,1,0,5
195000,1,122880,65535,387,387,5,61,202,5,130,1023,1,0,5
195000,2,8192,65535,383,387,1,0,77,8,139,963,1,1,5
195000,3,94208,65535,387,387,60,30,34,8,148,954,1,71,5
195000,4,8192,65535,383,387,15,0,150,8,124,329,1,1,4
195000,5,135168,65535,387,387,10,50,56,8,126,895,1,4,5
195000,6,137216,65535,387,387,15,55,170,8,144,1162,1,3,5
195000,7,178176,65535,387,387,50,71,46,8,127,997,1,9,5
200000,0,8192,65535,383,387,3,0,183,6,129,946,1,1,5
200000,1,143360,65535,386,387,2,59,182,6,130,1037,1,3,5
200000,2,0,65535,387,387,1,0,77,8,139,963,1,0,5
200000,3,90112,65535,387,387,54,28,34,6,148,993,1,110,5
200000,4,0,65535,387,387,15,0,150,8,124,329,1,0,4
200000,5,106496,65535,387,387,2,52,47,8,126,913,1,0,5
200000,6,129024,65535,387,387,7,47,176,8,144,1181,1,7,4
200000,7,157696,65535,387,387,48,61,32,8,127,1030,1,5,6
205000,0,0,65535,387,387,3,0,183,6,129,946,1,0,5
205000,1,116736,65535,386,387,30,53,151,7,130,1058,1,1,5
205000,2,8192,65535,383,387,1,0,77,8,139,963,1,1,5
205000,3,129024,65535,387,387,34,48,62,6,148,1032,1,149,5
205000,4,8192,65535,383,387,15,0,150,8,124,329,1,1,5
205000,5,106496,65535,386,387,1,48,58,8,126,931,1,1,5
205000,6,118784,65535,387,387,4,58,195,8,144,1203,1,0,5
205000,7,208896,65535,386,387,33,87,32,6,127,1057,1,4,5
210000,0,8192,65535,383,387,3,0,183,6,129,946,1,1,6
210000,1,153600,65535,386,387,33,63,173,7,130,1075,1,3,4
210000,2,0,65535,387,387,1,0,77,8,139,963,1,0,5
210000,3,73728,65535,387,387,1,20,64,6,148,1071,1,188,5
210000,4,0,65535,387,387,15,0,150,8,124,329,1,0,4
210000,5,110592,65535,387,387,27,38,104,8,126,964,1,30,4
210000,6,126976,65535,387,387,1,58,209,8,144,1215,1,1,5
210000,7,184320,65535,387,387,35,74,32,8,127,1076,1,6,4
215000,0,0,65535,387,387,3,0,183,6,129,946,1,0,4
215000,1,149504,65535,387,387,39,57,200,8,130,1106,1,29,4
215000,2,8192,65535,383,387,1,0,77,8,139,963,1,1,4
215000,3,122880,65535,387,387,1,44,48,6,148,1110,1,227,4
215000,4,8192,65535,383,387,15,0,150,8,124,329,1,1,8
215000,5,40960,65535,387,387,22,4,71,8,126,1001,1,16,4
215000,6,116736,65535,387,387,13,57,213,6,144,1229,1,0,6
215000,7,176128,65535,387,387,7,70,68,8,127,1115,1,45,5
220000,0,8192,65535,383,387,3,0,183,6,129,946,1,1,7
220000,1,210944,65535,386,387,43,91,185,8,130,1125,1,3,6
220000,2,0,65535,387,387,1,0,77,8,139,963,1,0,4
220000,3,124928,65535,387,387,1,45,41,7,148,1143,1,10,4
220000,4,0,65535,387,387,15,0,150,8,124,329,1,0,4
220000,5,49152,65535,387,387,1,8,46,8,126,1040,1,55,4
220000,6,139264,65535,386,387,22,52,207,8,144,1246,1,4,6
220000,7,163840,65535,387,387,21,80,62,8,127,1145,1,0,4
225000,0,0,65535,387,387,3,0,183,6,129,946,1,0,5
225000,1,192512,65535,386,387,50,79,141,6,130,1158,1,32,4
225000,2,8192,65535,383,387,1,0,77,8,139,963,1,1,5
225000,3,43008,65535,387,387,25,5,53,8,148,1180,1,4,5
225000,4,8192,65535,383,387,15,0,150,8,124,329,1,1,4
225000,5,88064,65535,386,387,5,35,37,8,126,1057,1,2,5
225000,6,167936,65535,387,387,27,71,186,4,144,1269,1,16,4
225000,7,188416,65535,387,387,6,92,37,8,127,1165,1,0,4
230000,0,8192,65535,383,387,3,0,183,6,129,946,1,1,5
230000,1,178176,65535,387,387,40,83,169,8,130,1183,1,1,5
230000,2,0,65535,387,387,1,0,77,8,139,963,1,0,5
230000,3,47104,65535,387,387,17,7,32,8,148,1219,1,43,5
230000,4,0,65535,387,387,15,0,150,8,124,329,1,0,5
230000,5,118784,65535,387,387,5,42,79,8,126,1092,1,14,5
230000,6,112640,65535,387,387,1,39,223,8,144,1306,1,17,5
230000,7,196608,65535,386,387,9,92,34,8,127,1179,1,1,5
235000,0,0,65535,387,387,3,0,183,6,129,946,1,0,4
235000,1,169984,65535,387,387,24,67,197,8,130,1218,1,32,4
235000,2,8192,65535,383,387,1,0,77,8,139,963,1,1,4
235000,3,45056,65535,387,387,41,18,50,8,148,1254,1,1,4
235000,4,8192,65535,383,387,15,0,150,8,124,329,1,1,4
235000,5,122880,65535,386,387,6,56,65,8,126,1113,1,1,4
235000,6,51200,65535,386,387,1,9,166,8,144,1345,1,56,4
235000,7,196608,65535,386,387,3,80,48,8,127,1202,1,5,4
240000,0,8192,65535,383,387,3,0,183,6,129,946,1,1,5
240000,1,129024,65535,387,387,29,55,197,7,130,1239,1,2,5
240000,2,0,65535,387,387,1,0,77,8,139,963,1,0,5
240000,3,32768,65535,387,387,58,16,32,8,148,1288,1,0,5
240000,4,0,65535,387,387,15,0,150,8,124,329,1,0,5
240000,5,137216,65535,387,387,1,59,57,8,126,1126,1,2,5
240000,6,51200,65535,387,387,3,17,126,8,144,1374,1,2,5
240000,7,180224,65535,387,387,5,80,32,8,127,1225,1,2,5
245000,0,0,65535,387,387,3,0,183,6,129,946,1,0,4
245000,1,96256,65535,387,387,38,31,190,8,130,1267,1,20,4
245000,2,8192,65535,383,387,1,0,77,8,139,963,1,1,5
245000,3,61440,65535,387,387,38,14,59,8,148,1309,1,5,4
245000,4,8192,65535,383,387,15,0,150,8,124,329,1,1,4
245000,5,141312,65535,386,387,6,57,69,8,126,1141,1,3,4
245000,6,32768,65535,387,387,1,0,66,8,144,1405,1,25,5
245000,7,100352,65535,387,387,1,33,44,6,127,1262,1,22,4
250000,0,8192,65535,383,387,3,0,183,6,129,946,1,1,5
250000,1,57344,65535,387,387,14,12,187,8,130,1296,1,5,5
250000,2,0,65535,387,387,1,0,77,8,139,963,1,0,5
250000,3,59392,65535,387,387,39,25,52,6,148,1324,1,1,5
250000,4,0,65535,387,387,15,0,150,8,124,329,1,0,5
250000,5,116736,65535,387,387,6,57,52,7,126,1153,1,0,4
250000,6,32768,65535,387,387,5,0,86,8,144,1436,1,14,5
250000,7,51200,65535,387,387,1,10,66,4,127,1299,1,19,5
255000,0,0,65535,387,387,3,0,183,6,129,946,1,0,4
255000,1,57344,65535,387,387,1,12,211,6,130,1335,1,44,5
255000,2,8192,65535,383,387,1,0,77,8,139,963,1,1,5
255000,3,51200,65535,387,387,32,25,64,5,148,1338,1,0,5
255000,4,8192,65535,383,387,15,0,150,8,124,329,1,1,5
255000,5,131072,65535,387,387,6,48,38,7,126,1171,1,5,5
255000,6,45056,65535,387,387,3,6,32,6,144,1475,1,53,5
255000,7,63488,65535,387,387,10,15,32,7,127,1332,1,7,5
260000,0,0,65535,387,387,3,0,183,6,129,946,1,0,4
260000,1,32768,65535,387,387,7,16,144,6,130,1372,1,0,4
260000,2,8192,65535,383,387,1,0,77,8,139,963,1,1,4
260000,3,63488,65535,387,387,35,19,53,7,148,1355,1,3,4
260000,4,8192,65535,383,387,15,0,150,8,124,329,1,1,5
260000,5,129024,65535,387,387,20,47,54,8,126,1191,1,8,4
260000,6,32768,65535,387,387,16,0,32,7,144,1511,1,16,4
260000,7,59392,65535,387,387,4,21,108,6,127,1368,1,2,4
265000,0,8192,65535,383,387,3,0,183,6,129,946,1,1,5
265000,1,49152,65535,386,387,11,20,158,6,130,1404,1,1,5
265000,2,0,65535,387,387,1,0,77,8,139,963,1,0,5
265000,3,49152,65535,387,387,5,16,51,8,148,1374,1,2,5
265000,4,0,65535,387,387,15,0,150,8,124,329,1,0,5
265000,5,120832,65535,387,387,14,51,51,8,126,1210,1,2,5
265000,6,34816,65535,387,387,1,17,82,7,144,1545,1,0,5
265000,7,47104,65535,387,387,24,15,132,5,127,1391,1,2,5
270000,0,0,65535,387,387,3,0,183,6,129,946,1,0,4
270000,1,49152,65535,386,387,3,20,158,6,130,1423,1,1,4
270000,2,8192,65535,383,387,1,0,77,8,139,963,1,1,4
270000,3,55296,65535,387,387,5,11,43,6,148,1397,1,9,4
270000,4,8192,65535,383,387,15,0,150,8,124,329,1,1,4
270000,5,129024,65535,387,387,10,52,51,6,126,1237,1,3,4
270000,6,45056,65535,387,387,1,22,88,5,144,1562,1,0,4
270000,7,75776,65535,386,387,1,21,117,7,127,1418,1,4,4
275000,0,8192,65535,383,387,3,0,183,6,129,946,1,1,4
275000,1,59392,65535,387,387,14,21,178,5,130,1440,1,2,4
275000,2,0,65535,387,387,1,0,77,8,139,963,1,0,4
275000,3,65536,65535,387,387,5,20,53,7,148,1432,1,3,4
275000,4,0,65535,387,387,15,0,150,8,124,329,1,0,4
275000,5,145408,65535,387,387,10,55,46,8,126,1258,1,10,4
275000,6,45056,65535,387,387,1,19,62,4,144,1580,1,1,4
275000,7,51200,65535,387,387,4,21,132,8,127,1433,1,1,4
280000,0,0,65535,387,387,3,0,183,6,129,946,1,0,4
280000,1,83968,65535,387,387,5,25,170,8,130,1465,1,16,4
280000,2,8192,65535,383,387,1,0,77,8,139,963,1,1,4
280000,3,53248,65535,387,387,1,10,61,7,148,1451,1,7,4
280000,4,8192,65535,383,387,15,0,150,8,124,329,1,1,4
280000,5,202752,65535,386,387,1,83,62,8,126,1289,1,5,4
280000,6,53248,65535,387,387,1,18,75,6,144,1603,1,2,4
280000,7,61440,65535,387,387,15,22,136,7,127,1452,1,2,4
285000,0,8192,65535,383,387,3,0,183,6,129,946,1,1,5
285000,1,83968,65535,387,387,21,25,186,8,130,1504,1,55,5
285000,2,0,65535,387,387,1,0,77,8,139,963,1,0,5
285000,3,57344,65535,387,387,7,12,99,6,148,1490,1,46,5
285000,4,0,65535,387,387,15,0,150,8,124,329,1,0,5
285000,5,184320,65535,386,387,1,86,55,8,126,1306,1,1,5
285000,6,40960,65535,386,387,17,16,74,8,144,1630,1,1,5
285000,7,71680,65535,386,387,16,19,121,8,127,1471,1,5,5
290000,0,0,65535,387,387,3,0,183,6,129,946,1,0,5
290000,1,43008,65535,386,387,1,17,198,6,130,1535,1,1,5
290000,2,8192,65535,383,387,1,0,77,8,139,963,1,1,5
290000,3,32768,65535,387,387,25,0,113,8,148,1529,1,85,5
290000,4,8192,65535,383,387,15,0,150,8,124,329,1,1,5
290000,5,198656,65535,387,387,1,85,55,8,126,1323,1,3,5
290000,6,49152,65535,387,387,23,24,91,6,144,1648,1,0,5
290000,7,51200,65535,387,387,16,25,140,8,127,1485,1,0,5
295000,0,8192,65535,383,387,3,0,183,6,129,946,1,1,4
295000,1,49152,65535,387,387,7,20,186,8,130,1552,1,1,4
295000,2,0,65535,387,387,1,0,77,8,139,963,1,0,4
295000,3,86016,65535,387,387,1,26,101,8,148,1568,1,124,4
295000,4,0,65535,387,387,15,0,150,8,124,329,1,0,4
295000,5,245760,65535,387,387,1,104,32,8,126,1344,1,11,4
295000,6,43008,65535,387,387,12,21,97,8,144,1667,1,0,4
295000,7,63488,65535,387,387,16,27,136,8,127,1497,1,1,4
300000,0,0,65535,387,387,3,0,183,6,129,946,1,0,4
300000,1,53248,65535,387,387,1,26,182,7,130,1570,1,0,4
300000,2,8192,65535,383,387,1,0,77,8,139,963,1,1,4
300000,3,47104,65535,387,387,1,7,105,8,148,1599,1,15,4
300000,4,8192,65535,383,387,15,0,150,8,124,329,1,1,4
300000,5,253952,65535,387,387,1,108,44,8,126,1383,1,50,4
300000,6,63488,65535,386,387,20,27,106,8,144,1681,1,1,4
300000,7,36864,65535,387,387,17,2,146,8,127,1526,1,17,4
305000,0,8192,65535,383,387,3,0,183,6,129,946,1,1,5
305000,1,102400,65535,387,387,9,34,215,8,130,1594,1,18,5
305000,2,0,65535,387,387,1,0,77,8,139,963,1,0,5
305000,3,51200,65535,386,387,27,21,130,6,148,1632,1,1,5
305000,4,0,65535,387,387,15,0,150,8,124,329,1,0,5
305000,5,223232,65535,387,387,1,93,32,8,126,1418,1,31,5
305000,6,65536,65535,387,387,10,16,154,8,144,1710,1,8,5
305000,7,131072,65535,387,387,20,52,139,7,127,1551,1,3,5
310000,0,0,65535,387,387,3,0,183,6,129,946,1,0,5
310000,1,90112,65535,387,387,9,28,206,8,130,1633,1,57,5
310000,2,8192,65535,383,387,1,0,77,8,139,963,1,1,5
310000,3,47104,65535,387,387,34,23,127,7,148,1646,1,0,5
310000,4,8192,65535,383,387,15,0,150,8,124,329,1,1,5
310000,5,192512,65535,387,387,1,91,46,6,126,1443,1,1,5
310000,6,69632,65535,386,387,13,18,116,8,144,1729,1,5,5
310000,7,114688,65535,386,387,22,52,142,8,127,1569,1,1,5
315000,0,8192,65535,383,387,3,0,183,6,129,946,1,1,5
315000,1,32768,65535,387,387,1,0,170,6,130,1670,1,36,5
315000,2,0,65535,387,387,1,0,77,8,139,963,1,0,5
315000,3,79872,65535,387,387,22,23,142,8,148,1664,1,4,5
315000,4,0,65535,387,387,15,0,150,8,124,329,1,0,5
315000,5,184320,65535,387,387,1,90,42,7,126,1457,1,0,5
315000,6,43008,65535,387,387,23,17,106,8,144,1744,1,1,5
315000,7,69632,65535,387,387,31,18,110,6,127,1598,1,21,5
320000,0,0,65535,387,387,3,0,183,6,129,946,1,0,4
320000,1,79872,65535,386,387,1,23,154,8,130,1693,1,4,4
320000,2,8192,65535,383,387,1,0,77,8,139,963,1,1,4
320000,3,32768,65535,387,387,41,0,47,8,148,1701,1,36,4
320000,4,8192,65535,383,387,15,0,150,8,124,329,1,1,4
320000,5,190464,65535,387,387,1,90,44,6,126,1469,1,1,4
320000,6,49152,65535,387,387,5,8,69,8,144,1779,1,32,4
320000,7,32768,65535,387,387,28,0,60,6,127,1635,1,27,4
325000,0,8192,65535,383,387,3,0,183,6,129,946,1,1,5
325000,1,32768,65535,387,387,1,0,210,7,130,1722,1,22,5
325000,2,0,65535,387,387,1,0,77,8,139,963,1,0,4
325000,3,40960,65535,387,387,21,4,60,8,148,1740,1,75,5
325000,4,0,65535,387,387,15,0,150,8,124,329,1,0,4
325000,5,204800,65535,386,387,1,90,36,4,126,1488,1,5,5
325000,6,110592,65535,387,387,47,38,52,7,144,1810,1,13,4
325000,7,65536,65535,387,387,1,20,32,8,127,1670,1,3,5
330000,0,0,65535,387,387,3,0,183,6,129,946,1,0,5
330000,1,57344,65535,387,387,1,12,186,8,130,1761,1,61,5
330000,2,8192,65535,383,387,1,0,77,8,139,963,1,1,5
330000,3,36864,65535,387,387,13,2,32,6,148,1779,1,114,5
330000,4,8192,65535,383,387,15,0,150,8,124,329,1,1,5
330000,5,151552,65535,387,387,1,82,32,2,126,1515,1,20,5
330000,6,0,65535,387,387,57,0,68,8,144,1820,1,0,5
330000,7,40960,65535,387,387,13,4,32,8,127,1703,1,29,5
335000,0,8192,65535,383,387,3,0,183,6,129,946,1,1,4
335000,1,67584,65535,387,387,5,25,210,8,130,1776,1,2,4
335000,2,0,65535,387,387,1,0,77,8,139,963,1,0,4
335000,3,32768,65535,387,387,23,0,92,6,148,1818,1,153,4
335000,4,0,65535,387,387,15,0,150,8,124,329,1,0,4
335000,5,178176,65535,387,387,4,100,32,2,126,1544,1,9,4
335000,6,8192,65535,383,387,57,0,68,8,144,1820,1,1,7
335000,7,32768,65535,387,387,1,0,54,8,127,1742,1,68,4
340000,0,8192,65535,383,387,3,0,183,6,129,946,1,1,5
340000,1,77824,65535,386,387,2,30,217,8,130,1790,1,2,4
340000,2,0,65535,387,387,1,0,77,8,139,963,1,0,5
340000,3,69632,65535,387,387,21,26,48,8,148,1836,1,2,5
340000,4,0,65535,387,387,15,0,150,8,124,329,1,0,5
340000,5,266240,65535,387,387,7,116,70,6,126,1568,1,4,5
340000,6,8192,65535,383,387,57,0,68,8,144,1820,1,1,5
340000,7,43008,65535,387,387,8,21,99,8,127,1771,1,0,5
345000,0,0,65535,387,387,3,0,183,6,129,946,1,0,4
345000,1,49152,65535,387,387,4,24,216,7,130,1802,1,0,4
345000,2,8192,65535,383,387,1,0,77,8,139,963,1,1,4
345000,3,38912,65535,387,387,26,3,32,8,148,1859,1,17,4
345000,4,8192,65535,383,387,15,0,150,8,124,329,1,1,4
345000,5,188416,65535,386,387,17,76,68,8,126,1601,1,28,4
345000,6,0,65535,387,387,57,0,68,8,144,1820,1,0,4
345000,7,51200,65535,387,387,6,17,119,8,127,1791,1,2,4
350000,0,8192,65535,383,387,3,0,183,6,129,946,1,1,5
350000,1,73728,65535,386,387,1,24,221,7,130,1816,1,3,5
350000,2,0,65535,387,387,1,0,77,8,139,963,1,0,5
350000,3,45056,65535,387,387,22,6,34,8,148,1898,1,56,5
350000,4,0,65535,387,387,15,0,150,8,124,329,1,0,5
350000,5,176128,65535,386,387,30,82,66,8,126,1628,1,1,5
350000,6,8192,65535,383,387,57,0,68,8,144,1820,1,1,5
350000,7,67584,65535,387,387,23,18,133,5,127,1810,1,4,5
355000,0,0,65535,387,387,3,0,183,6,129,946,1,0,4
355000,1,61440,65535,387,387,7,18,207,7,130,1831,1,3,4
355000,2,8192,65535,383,387,1,0,77,8,139,963,1,1,4
355000,3,53248,65535,387,387,52,18,100,8,148,1933,1,2,4
355000,4,8192,65535,383,387,15,0,150,8,124,329,1,1,4
355000,5,159744,65535,387,387,12,78,59,8,126,1648,1,0,4
355000,6,0,65535,387,387,57,0,68,8,144,1820,1,0,4
355000,7,61440,65535,387,387,24,22,146,8,127,1839,1,2,4
360000,0,8192,65535,383,387,3,0,183,6,129,946,1,1,5
360000,1,57344,65535,386,387,5,24,224,8,130,1846,1,1,4
360000,2,0,65535,387,387,1,0,77,8,139,963,1,0,4
360000,3,73728,65535,386,387,50,24,79,8,148,1952,1,3,4
360000,4,0,65535,387,387,15,0,150,8,124,329,1,0,4
360000,5,202752,65535,387,387,1,87,80,8,126,1670,1,3,4
360000,6,8192,65535,383,387,57,0,68,8,144,1820,1,1,5
360000,7,57344,65535,387,387,38,12,146,8,127,1864,1,15,4
365000,0,0,65535,387,387,3,0,183,6,129,946,1,0,4
365000,1,55296,65535,387,387,7,23,224,8,130,1859,1,1,4
365000,2,8192,65535,383,387,1,0,77,8,139,963,1,1,4
365000,3,79872,65535,386,387,41,31,86,8,148,1965,1,2,4
365000,4,8192,65535,383,387,15,0,150,8,124,329,1,1,4
365000,5,184320,65535,386,387,1,86,91,8,126,1691,1,1,5
365000,6,0,65535,387,387,57,0,68,8,144,1820,1,0,4
365000,7,65536,65535,387,387,36,20,137,8,127,1885,1,3,5
370000,0,8192,65535,383,387,3,0,183,6,129,946,1,1,5
370000,1,67584,65535,387,387,14,25,219,8,130,1874,1,2,5
370000,2,0,65535,387,387,1,0,77,8,139,963,1,0,5
370000,3,120832,65535,387,387,50,43,59,7,148,1983,1,8,5
370000,4,0,65535,387,387,15,0,150,8,124,329,1,0,5
370000,5,169984,65535,387,387,11,83,117,8,126,1713,1,0,5
370000,6,8192,65535,383,387,57,0,68,8,144,1820,1,1,5
370000,7,30720,65535,387,387,22,15,142,8,127,1903,1,0,5
375000,0,0,65535,387,387,3,0,183,6,129,946,1,0,4
375000,1,114688,65535,387,387,1,56,224,8,130,1903,1,0,4
375000,2,8192,65535,383,387,1,0,77,8,139,963,1,1,4
375000,3,143360,65535,386,387,23,62,59,8,148,2012,1,2,4
375000,4,8192,65535,383,387,15,0,150,8,124,329,1,1,5
375000,5,182272,65535,387,387,1,85,106,7,126,1731,1,1,6
375000,6,0,65535,387,387,57,0,68,8,144,1820,1,0,4
375000,7,40960,65535,387,387,14,16,126,8,127,1924,1,1,6
380000,0,8192,65535,383,387,3,0,183,6,129,946,1,1,4
380000,1,122880,65535,387,387,1,56,224,8,130,1915,1,1,4
380000,2,0,65535,387,387,1,0,77,8,139,963,1,0,4
380000,3,143360,65535,386,387,32,62,59,7,148,2025,1,2,4
380000,4,0,65535,387,387,15,0,150,8,124,329,1,0,4
380000,5,149504,65535,387,387,7,57,58,8,126,1766,1,33,4
380000,6,8192,65535,383,387,57,0,68,8,144,1820,1,1,4
380000,7,67584,65535,387,387,13,21,98,8,127,1943,1,3,4
385000,0,0,65535,387,387,3,0,183,6,129,946,1,0,4
385000,1,129024,65535,387,387,1,59,224,8,130,1928,1,1,4
385000,2,8192,65535,383,387,1,0,77,8,139,963,1,1,4
385000,3,135168,65535,387,387,23,50,33,8,148,2041,1,4,4
385000,4,8192,65535,383,387,15,0,150,8,124,329,1,1,4
385000,5,141312,65535,387,387,37,53,62,8,126,1805,1,72,4
385000,6,0,65535,387,387,57,0,68,8,144,1820,1,0,6
385000,7,38912,65535,387,387,1,19,63,6,127,1969,1,0,5
390000,0,8192,65535,383,387,3,0,183,6,129,946,1,1,5
390000,1,118784,65535,387,387,1,42,216,7,130,1959,1,5,4
390000,2,0,65535,387,387,1,0,77,8,139,963,1,0,4
390000,3,131072,65535,387,387,33,56,35,8,148,2056,1,2,4
390000,4,0,65535,387,387,15,0,150,8,124,329,1,0,5
390000,5,194560,65535,387,387,29,79,78,7,126,1836,1,9,5
390000,6,8192,65535,383,387,57,0,68,8,144,1820,1,1,5
390000,7,90112,65535,386,387,8,33,76,5,127,1989,1,3,5
395000,0,0,65535,387,387,3,0,183,6,129,946,1,0,5
395000,1,98304,65535,387,387,23,32,180,8,130,1998,1,44,5
395000,2,8192,65535,383,387,1,0,77,8,139,963,1,1,5
395000,3,135168,65535,386,387,36,62,39,8,148,2069,1,1,5
395000,4,8192,65535,383,387,15,0,150,8,124,329,1,1,5
395000,5,124928,65535,387,387,16,57,76,8,126,1869,1,1,5
395000,6,0,65535,387,387,57,0,68,8,144,1820,1,0,5
395000,7,104448,65535,387,387,22,35,143,0,127,2026,1,38,5
400000,0,8192,65535,383,387,3,0,183,6,129,946,1,1,4
400000,1,129024,65535,387,387,32,47,224,8,130,2021,1,6,4
400000,2,0,65535,387,387,1,0,77,8,139,963,1,0,4
400000,3,196608,65535,387,387,71,81,48,6,148,2094,1,4,4
400000,4,0,65535,387,387,15,0,150,8,124,329,1,0,4
400000,5,126976,65535,387,387,9,62,106,8,126,1883,1,0,4
400000,6,8192,65535,383,387,57,0,68,8,144,1820,1,1,4
400000,7,59392,65535,387,387,20,25,191,8,127,2059,1,1,4
405000,0,0,65535,387,387,3,0,183,6,129,946,1,0,4
405000,1,88064,65535,387,387,22,29,160,4,130,2060,1,45,4
405000,2,8192,65535,383,387,1,0,77,8,139,963,1,1,4
405000,3,190464,65535,387,387,72,85,45,8,148,2113,1,2,4
405000,4,8192,65535,383,387,15,0,150,8,124,329,1,1,4
405000,5,161792,65535,387,387,11,63,98,8,126,1917,1,33,4
405000,6,0,65535,387,387,57,0,68,8,144,1820,1,0,4
405000,7,59392,65535,387,387,3,21,168,8,127,2074,1,2,4
410000,0,8192,65535,383,387,3,0,183,6,129,946,1,1,4
410000,1,120832,65535,387,387,12,43,188,8,130,2099,1,84,4
410000,2,0,65535,387,387,1,0,77,8,139,963,1,0,4
410000,3,206848,65535,386,387,69,85,72,8,148,2134,1,5,4
410000,4,0,65535,387,387,15,0,150,8,124,329,1,0,4
410000,5,174080,65535,387,387,9,69,66,8,126,1956,1,72,4
410000,6,8192,65535,383,387,57,0,68,8,144,1820,1,1,4
410000,7,61440,65535,387,387,8,30,168,8,127,2088,1,0,4
415000,0,0,65535,387,387,3,0,183,6,129,946,1,0,5
415000,1,112640,65535,387,387,19,55,174,8,130,2133,1,0,5
415000,2,8192,65535,383,387,1,0,77,8,139,963,1,1,5
415000,3,196608,65535,386,387,69,92,68,8,148,2147,1,1,5
415000,4,8192,65535,383,387,15,0,150,8,124,329,1,1,5
415000,5,196608,65535,386,387,11,92,32,8,126,1977,1,1,5
415000,6,0,65535,387,387,57,0,68,8,144,1820,1,0,5
415000,7,63488,65535,387,387,7,27,157,7,127,2100,1,1,5
420000,0,0,65535,387,387,3,0,183,6,129,946,1,0,4
420000,1,178176,65535,387,387,28,71,187,8,130,2160,1,22,4
420000,2,8192,65535,383,387,1,0,77,8,139,963,1,1,4
420000,3,210944,65535,386,387,68,91,57,8,148,2161,1,3,4
420000,4,8192,65535,383,387,15,0,150,8,124,329,1,1,4
420000,5,149504,65535,387,387,15,79,88,3,126,2013,1,1,4
420000,6,0,65535,387,387,57,0,68,8,144,1820,1,0,4
420000,7,69632,65535,386,387,3,30,170,7,127,2114,1,1,4
425000,0,8192,65535,383,387,3,0,183,6,129,946,1,1,5
425000,1,202752,65535,386,387,1,83,135,8,130,2199,1,61,4
425000,2,0,65535,387,387,1,0,77,8,139,963,1,0,9
425000,3,186368,65535,387,387,64,91,60,8,148,2173,1,0,4
425000,4,0,65535,387,387,15,0,150,8,124,329,1,0,4
425000,5,75776,65535,387,387,26,57,55,1,126,2050,1,28,4
425000,6,8192,65535,383,387,57,0,68,8,144,1820,1,1,4
425000,7,28672,65535,387,387,1,15,104,3,127,2148,1,0,4
430000,0,0,65535,387,387,3,0,183,6,129,946,1,0,4
430000,1,192512,65535,387,387,3,78,89,8,130,2230,1,28,4
430000,2,8192,65535,383,387,1,0,77,8,139,963,1,1,4
430000,3,212992,65535,387,387,57,88,74,8,148,2195,1,12,4
430000,4,8192,65535,383,387,15,0,150,8,124,329,1,1,4
430000,5,126976,65535,387,387,30,50,46,4,126,2071,1,4,4
430000,6,0,65535,387,387,57,0,68,8,144,1820,1,0,4
430000,7,51200,65535,387,387,1,18,67,4,127,2174,1,2,4
435000,0,8192,65535,383,387,3,0,183,6,129,946,1,1,5
435000,1,133120,65535,386,387,5,51,32,5,130,2259,1,5,5
435000,2,0,65535,387,387,1,0,77,8,139,963,1,0,5
435000,3,186368,65535,387,387,11,77,32,5,148,2232,1,7,5
435000,4,0,65535,387,387,15,0,150,8,124,329,1,0,5
435000,5,108544,65535,386,387,19,37,83,8,126,2104,1,25,5
435000,6,8192,65535,383,387,57,0,68,8,144,1820,1,1,5
435000,7,43008,65535,387,387,1,17,70,7,127,2193,1,1,5
440000,0,0,65535,387,387,3,0,183,6,129,946,1,0,4
440000,1,155648,65535,387,387,18,61,58,6,130,2284,1,12,4
440000,2,8192,65535,383,387,1,0,77,8,139,963,1,1,4
440000,3,188416,65535,387,387,33,84,70,8,148,2263,1,2,4
440000,4,8192,65535,383,387,15,0,150,8,124,329,1,1,4
440000,5,124928,65535,387,387,25,53,127,8,126,2137,1,2,4
440000,6,0,65535,387,387,57,0,68,8,144,1820,1,0,4
440000,7,45056,65535,387,387,19,6,76,6,127,2230,1,33,4
445000,0,8192,65535,383,387,3,0,183,6,129,946,1,1,5
445000,1,178176,65535,387,387,20,71,36,8,130,2309,1,19,5
445000,2,0,65535,387,387,1,0,77,8,139,963,1,0,5
445000,3,176128,65535,387,387,33,82,43,8,148,2278,1,1,5
445000,4,0,65535,387,387,15,0,150,8,124,329,1,0,5
445000,5,120832,65535,386,387,23,55,87,7,126,2154,1,1,5
445000,6,8192,65535,383,387,57,0,68,8,144,1820,1,1,5
445000,7,53248,65535,387,387,1,10,70,8,127,2269,1,72,5
450000,0,0,65535,387,387,3,0,183,6,129,946,1,0,5
450000,1,174080,65535,387,387,26,69,64,8,130,2348,1,58,5
450000,2,8192,65535,383,387,1,0,77,8,139,963,1,1,5
450000,3,194560,65535,387,387,44,91,57,8,148,2293,1,1,5
450000,4,8192,65535,383,387,15,0,150,8,124,329,1,1,5
450000,5,139264,65535,386,387,26,56,84,7,126,2171,1,3,5
450000,6,0,65535,387,387,57,0,68,8,144,1820,1,0,5
450000,7,36864,65535,387,387,13,2,102,6,127,2308,1,111,5
455000,0,8192,65535,383,387,3,0,183,6,129,946,1,1,4
455000,1,204800,65535,387,387,15,85,40,6,130,2371,1,5,4
455000,2,0,65535,387,387,1,0,77,8,139,963,1,0,4
455000,3,233472,65535,387,387,25,98,38,8,148,2330,1,36,4
455000,4,0,65535,387,387,15,0,150,8,124,329,1,0,4
455000,5,135168,65535,387,387,24,60,96,5,126,2186,1,2,4
455000,6,8192,65535,383,387,57,0,68,8,144,1820,1,1,5
455000,7,36864,65535,387,387,19,8,106,2,127,2347,1,150,4
460000,0,0,65535,387,387,3,0,183,6,129,946,1,0,5
460000,1,210944,65535,386,387,16,91,34,7,130,2390,1,3,5
460000,2,8192,65535,383,387,1,0,77,8,139,963,1,1,5
460000,3,223232,65535,387,387,40,93,46,7,148,2367,1,24,5
460000,4,8192,65535,383,387,15,0,150,8,124,329,1,1,5
460000,5,172032,65535,387,387,33,70,91,5,126,2203,1,4,5
460000,6,0,65535,387,387,57,0,68,8,144,1820,1,0,5
460000,7,40960,65535,387,387,55,10,66,2,127,2386,1,189,5
465000,0,8192,65535,383,387,3,0,183,6,129,946,1,1,5
465000,1,202752,65535,386,387,8,83,40,7,130,2405,1,5,5
465000,2,0,65535,387,387,1,0,77,8,139,963,1,0,5
465000,3,192512,65535,387,387,62,86,84,8,148,2400,1,2,5
465000,4,0,65535,387,387,15,0,150,8,124,329,1,0,5
465000,5,108544,65535,387,387,2,37,117,8,126,2240,1,8,5
465000,6,8192,65535,383,387,57,0,68,8,144,1820,1,1,5
465000,7,77824,65535,386,387,49,27,32,3,127,2407,1,4,5
470000,0,0,65535,387,387,3,0,183,6,129,946,1,0,4
470000,1,215040,65535,387,387,6,89,36,8,130,2424,1,4,4
470000,2,8192,65535,383,387,1,0,77,8,139,963,1,1,4
470000,3,227328,65535,387,387,69,95,68,8,148,2421,1,12,4
470000,4,8192,65535,383,387,15,0,150,8,124,329,1,1,5
470000,5,100352,65535,387,387,23,33,153,8,126,2279,1,47,4
470000,6,0,65535,387,387,57,0,68,8,144,1820,1,0,5
470000,7,57344,65535,387,387,60,25,47,4,127,2422,1,1,4
475000,0,8192,65535,383,387,3,0,183,6,129,946,1,1,4
475000,1,190464,65535,387,387,3,89,32,7,130,2439,1,1,4
475000,2,0,65535,387,387,1,0,77,8,139,963,1,0,4
475000,3,184320,65535,387,387,60,80,46,4,148,2458,1,19,4
475000,4,0,65535,387,387,15,0,150,8,124,329,1,0,6
475000,5,59392,65535,387,387,7,25,109,8,126,2312,1,1,9
475000,6,8192,65535,383,387,57,0,68,8,144,1820,1,1,4
475000,7,77824,65535,386,387,54,31,47,5,127,2438,1,2,4
480000,0,0,65535,387,387,3,0,183,6,129,946,1,0,4
480000,1,190464,65535,387,387,1,93,32,7,130,2453,1,0,5
480000,2,8192,65535,383,387,1,0,77,8,139,963,1,1,4
480000,3,157696,65535,387,387,34,86,74,2,148,2497,1,58,4
480000,4,8192,65535,383,387,15,0,150,8,124,329,1,1,4
480000,5,51200,65535,387,387,10,25,124,7,126,2326,1,0,4
480000,6,0,65535,387,387,57,0,68,8,144,1820,1,0,4
480000,7,40960,65535,387,387,54,20,50,6,127,2452,1,0,4
485000,0,8192,65535,383,387,3,0,183,6,129,946,1,1,4
485000,1,192512,65535,386,387,5,90,32,7,130,2469,1,1,4
485000,2,0,65535,387,387,1,0,77,8,139,963,1,0,4
485000,3,258048,65535,387,387,54,112,32,6,148,2534,1,14,4
485000,4,0,65535,387,387,15,0,150,8,124,329,1,0,4
485000,5,59392,65535,387,387,11,17,119,7,126,2342,1,3,4
485000,6,8192,65535,383,387,57,0,68,8,144,1820,1,1,4
485000,7,45056,65535,386,387,68,18,55,6,127,2480,1,1,4
490000,0,0,65535,387,387,3,0,183,6,129,946,1,0,4
490000,1,188416,65535,387,387,10,76,32,8,130,2486,1,4,4
490000,2,8192,65535,383,387,1,0,77,8,139,963,1,1,4
490000,3,208896,65535,387,387,71,87,53,6,148,2569,1,33,4
490000,4,8192,65535,383,387,15,0,150,8,124,329,1,1,4
490000,5,55296,65535,387,387,16,27,110,5,126,2358,1,0,4
490000,6,0,65535,387,387,57,0,68,8,144,1820,1,0,4
490000,7,67584,65535,387,387,80,25,67,8,127,2499,1,2,4
495000,0,8192,65535,383,387,3,0,183,6,129,946,1,1,4
495000,1,200704,65535,387,387,17,86,41,8,130,2505,1,3,4
495000,2,0,65535,387,387,1,0,77,8,139,963,1,0,4
495000,3,227328,65535,387,387,23,95,99,8,148,2608,1,72,4
495000,4,0,65535,387,387,15,0,150,8,124,329,1,0,4
495000,5,45056,65535,387,387,14,13,72,2,126,2385,1,12,4
495000,6,8192,65535,383,387,57,0,68,8,144,1820,1,1,4
495000,7,57344,65535,387,387,63,12,32,8,127,2530,1,27,4
499900,0,0,65535,387,387,3,0,183,6,129,946,1,0,5
499900,1,182272,65535,387,387,30,89,46,8,130,2521,1,0,5
499900,2,8192,65535,383,387,1,0,77,8,139,963,1,1,5
499900,3,264192,65535,387,387,33,113,95,8,148,2647,1,111,5
499900,4,8192,65535,383,387,15,0,150,8,124,329,1,1,5
499900,5,51200,65535,386,387,14,22,82,4,126,2402,1,1,5
499900,6,0,65535,387,387,57,0,68,8,144,1820,1,0,5
499900,7,32768,65535,387,387,41,0,60,6,127,2569,1,66,5
